Task Id,Mean duration (seconds)
1,0.38502755200000005
2,0.48193345400000004
3,0.408615782
4,0.403794012
5,0.413001163
6,0.480894794
7,0.48432153499999997
8,0.423173333
