Task Id,Duration (seconds)
1,1.1112287730000001
2,1.00196649
3,1.115193013
4,1.0917075930000002
5,1.188425085
6,1.195237865
7,1.101815633
8,1.1962095959999999
