Task Id,Duration (seconds)
1,1.100597683
2,1.193109256
3,1.107361703
4,1.096031703
5,1.197361206
6,0.998127579
7,1.096421593
8,1.00000943
