Task Id,Mean duration (seconds)
1,0.68873152
2,0.694537671
3,0.567589397
4,0.68741469
5,0.510838055
6,0.606705848
7,0.716764032
8,0.5963817979999999
