Task Id,Duration (seconds)
1,1.1994050649999999
2,1.00179182
3,1.00518705
4,1.093779382
5,1.295273278
6,1.0052359499999999
7,1.032677541
8,1.098116053
