Task Id,Duration (seconds)
1,1.087130993
2,0.902856247
3,1.101099112
4,0.9911182789999999
5,1.00521724
6,0.9907937
7,1.062492982
8,1.01753015
