Task Id,Duration (seconds)
1,0.3442475
2,0.397842482
3,0.397204902
4,0.417919892
5,0.49780045500000003
6,0.473111744
7,0.49457252500000004
8,0.415744433
