Task Id,Duration (seconds)
1,0.514098015
2,0.683317851
3,0.506043315
4,0.5817092269999999
5,0.511553365
6,0.415313042
7,0.68403625
8,0.503473195
