Task Id,Duration (seconds)
1,0.487991434
2,0.419226092
3,0.415182332
4,0.412062992
5,0.41238067300000003
6,0.47598226400000004
7,0.483312035
8,0.49858951500000004
