Task Id,Duration (seconds)
1,0.5717190670000001
2,0.687974141
3,0.604508128
4,0.711515691
5,0.705954411
6,0.599563248
7,0.598021388
8,0.6883695400000001
