Task Id,Duration (seconds)
1,0.5489398560000001
2,0.499834655
3,0.479819815
4,0.501724864
5,0.509611055
6,0.484585425
7,0.49816121500000005
8,0.42714278299999997
