Task Id,Duration (seconds)
1,1.009770879
2,1.1947903160000002
3,1.0936246029999999
4,1.107474913
5,1.101499723
6,1.199921686
7,1.190279946
8,1.294987819
