Task Id,Duration (seconds)
1,0.599800558
2,0.885206116
3,0.611505948
4,0.7128715010000001
5,0.6930556210000001
6,0.7990541840000001
7,0.490255334
8,0.8032301040000001
