Count,Standard Deviation,Mean,File name
2016,137.86012183541362,58.67311507936508,../data/splitted/photovolta_2016_part_2_0.csv
2016,143.1892342844225,58.37202380952381,../data/splitted/photovolta_2016_part_2_1.csv
2016,145.54417694278672,69.72767857142857,../data/splitted/photovolta_2016_part_2_2.csv
2016,128.75306330094094,57.007440476190474,../data/splitted/photovolta_2016_part_2_3.csv
2016,97.06137783786743,38.04563492063492,../data/splitted/photovolta_2016_part_2_4.csv
2016,108.26910250596029,45.40575396825397,../data/splitted/photovolta_2016_part_2_5.csv
926,142.16624644218118,62.73002159827214,../data/splitted/photovolta_2016_part_2_6.csv
