Task Id,Duration (seconds)
1,0.739385062
2,0.70108391
3,0.790533523
4,0.7038060110000001
5,0.696638421
6,0.698507181
7,0.706818381
8,0.703716571
