Task Id,Duration (seconds)
1,1.199820115
2,1.109888923
3,1.32534029
4,1.1974454860000001
5,1.097657133
6,1.0982297730000001
7,1.1035508729999999
8,1.390163981
