Task Id,Duration (seconds)
1,0.396322652
2,0.403737332
3,0.400912832
4,0.399775312
5,0.501274835
6,0.396281871
7,0.43547820299999995
8,0.486889854
