Task Id,Duration (seconds)
1,0.494069755
2,0.497461035
3,0.398299182
4,0.502601125
5,0.45853593400000003
6,0.418577322
7,0.496403564
8,0.485325584
