Task Id,Duration (seconds)
1,0.705950852
2,0.700456481
3,0.7092478120000001
4,0.702839891
5,0.744840003
6,0.802978534
7,0.786210233
8,0.6923460899999999
