Task Id,Duration (seconds)
1,0.805271484
2,0.704234621
3,0.6939330600000001
4,0.787035353
5,0.5980326779999999
6,0.611692008
7,0.697175691
8,0.6984021210000001
