Task Id,Duration (seconds)
1,1.038898311
2,1.211871066
3,0.9973511700000001
4,1.0942670120000002
5,1.0959542720000002
6,1.091049683
7,1.001168279
8,1.00051376
