Task Id,Duration (seconds)
1,1.190948895
2,1.199365926
3,0.9714184889999999
4,1.110214133
5,1.105522223
6,1.092561692
7,1.194284846
8,1.200533656
