Task Id,Duration (seconds)
1,0.383814771
2,0.39623264199999997
3,0.492111695
4,0.40310463199999996
5,0.399863622
6,0.401605962
7,0.356705921
8,0.515280555
