Task Id,Duration (seconds)
1,0.6959432600000001
2,0.604187568
3,0.6951170799999999
4,0.608571848
5,0.640548759
6,0.784333313
7,0.607935769
8,0.6885216999999999
