Task Id,Duration (seconds)
1,0.560694517
2,0.490027055
3,0.413526202
4,0.43179486300000003
5,0.484724795
6,0.495737825
7,0.5015676649999999
8,0.493776344
