Task Id,Duration (seconds)
1,0.5999956879999999
2,0.704371441
3,0.705053751
4,0.790992814
5,0.721587532
6,0.7925833830000001
7,0.6972808909999999
8,0.707999941
