Task Id,Mean duration (seconds)
1,1.099340673
2,1.0947988119999998
3,1.1004493629999998
4,1.2022300959999999
5,1.197966956
6,1.309061839
7,1.218389856
8,1.195495286
