Task Id,Duration (seconds)
1,0.7948285039999999
2,0.7037980110000001
3,0.68896261
4,0.6910929610000001
5,0.6221575890000001
6,0.6041026589999999
7,0.6116474279999999
8,0.5963356879999999
