Task Id,Duration (seconds)
1,1.298279268
2,1.205471556
3,1.303610879
4,1.193411616
5,1.295115319
6,1.098284243
7,1.317978919
8,1.206058176
