Task Id,Duration (seconds)
1,0.615158858
2,0.6972085309999999
3,0.564552626
4,0.704055781
5,0.694213351
6,0.614269808
7,0.684909801
8,0.692782551
