Task Id,Duration (seconds)
1,0.458436314
2,0.493595725
3,0.496603155
4,0.413081583
5,0.501430705
6,0.502542155
7,0.432210463
8,0.493314715
